[{
  "_id": {
    "$oid": "67076d1f08d4f2f91bbf486b"
  },
  "NewsTitle": "금리 인하로 금 상승세 계속될 것 - UBS",
  "Link": "https://kr.investing.com/news/commodities-news/article-1204790",
  "provider": "Investing.com",
  "date": "2024년 9월 19일"
},
{
  "_id": {
    "$oid": "67076d1f08d4f2f91bbf4868"
  },
  "NewsTitle": "중국 경기부양책 기대감에 아시아 시장 상승",
  "Link": "https://kr.investing.com/news/economy-news/article-93CH-1211667",
  "provider": "Investing.com",
  "date": "2024년 9월 26일"
},
{
  "_id": {
    "$oid": "67076d1f08d4f2f91bbf486c"
  },
  "NewsTitle": "뉴욕증시, 3대 하락 전환…연준의 50bp 빅컷에도 불구하고 경기둔화 우려감에 지수는 하락, 통화정책피벗에 따른 영향력은 시간 필요 [이완수의 출근길 글로벌마켓 핫이슈]",
  "Link": "https://kr.investing.com/news/assorted/article-1203869",
  "provider": "시티타임스 CityTimes",
  "date": "2024년 9월 19일"
},
{
  "_id": {
    "$oid": "67076d1f08d4f2f91bbf4869"
  },
  "NewsTitle": "금 ETF 유입, 지속적인 가격 상승 촉진 전망",
  "Link": "https://kr.investing.com/news/economy-news/article-93CH-1209345",
  "provider": "Investing.com",
  "date": "2024년 9월 24일"
},
{
  "_id": {
    "$oid": "67076d1f08d4f2f91bbf4864"
  },
  "NewsTitle": "금 ETF, 지속적인 자금 유입 기록",
  "Link": "https://kr.investing.com/news/commodities-news/article-93CH-1223925",
  "provider": "Investing.com",
  "date": "2024년 10월 08일"
},
{
  "_id": {
    "$oid": "67076d1f08d4f2f91bbf4866"
  },
  "NewsTitle": "중동 긴장과 미국 파업으로 원유 가격 상승",
  "Link": "https://kr.investing.com/news/commodities-news/article-93CH-1218069",
  "provider": "Investing.com",
  "date": "2024년 10월 02일"
},
{
  "_id": {
    "$oid": "67076d1f08d4f2f91bbf4867"
  },
  "NewsTitle": "달러 강세, 아시아 주식 고점에서 하락",
  "Link": "https://kr.investing.com/news/economy-news/article-93CH-1217336",
  "provider": "Investing.com",
  "date": "2024년 10월 02일"
},
{
  "_id": {
    "$oid": "67076d1f08d4f2f91bbf486a"
  },
  "NewsTitle": "자고 나면 오르는 금값…돌반지 한 돈 50만원 훌쩍",
  "Link": "https://kr.investing.com/news/assorted/article-1208370",
  "provider": "시티타임스 CityTimes",
  "date": "2024년 9월 24일"
},
{
  "_id": {
    "$oid": "67076d1f08d4f2f91bbf486d"
  },
  "NewsTitle": "아시아 주식 상승, 달러 엔화 대비 강세",
  "Link": "https://kr.investing.com/news/economy-news/article-93CH-1197836",
  "provider": "Investing.com",
  "date": "2024년 9월 12일"
},
{
  "_id": {
    "$oid": "67076d1f08d4f2f91bbf4865"
  },
  "NewsTitle": "미국 고용 지표 호조로 아시아 증시 상승세",
  "Link": "https://kr.investing.com/news/economy-news/article-93CH-1222751",
  "provider": "Investing.com",
  "date": "2024년 10월 08일"
},
{
  "_id": {
    "$oid": "67076d2008d4f2f91bbf4870"
  },
  "NewsTitle": "Intercontinental Exchange, 2024년 8월 통계 발표",
  "Link": "https://kr.investing.com/news/assorted/article-432SI-1190848",
  "provider": "Investing.com",
  "date": "2024년 9월 05일"
},
{
  "_id": {
    "$oid": "67076d2008d4f2f91bbf486e"
  },
  "NewsTitle": "뉴욕증시, 일제 반등 '저가 매수 및 침체 우려 완화'...8월 CPI 및 PPI 발표에 관심 집중 [이완수의 출근길 글로벌마켓 핫이슈]",
  "Link": "https://kr.investing.com/news/assorted/article-1194874",
  "provider": "시티타임스 CityTimes",
  "date": "2024년 9월 10일"
},
{
  "_id": {
    "$oid": "67076d2008d4f2f91bbf4877"
  },
  "NewsTitle": "지금의 금 강세장을 방해할 수 있는 요인은?",
  "Link": "https://kr.investing.com/news/commodities-news/article-1174510",
  "provider": "Investing.com",
  "date": "2024년 8월 21일"
},
{
  "_id": {
    "$oid": "67076d2008d4f2f91bbf4876"
  },
  "NewsTitle": "\"배릭골드(GOLD), 금 가격 지속 강세 전망..증설 효과 기대\"",
  "Link": "https://kr.investing.com/news/stock-market-news/article-1174545",
  "provider": "알파경제 alphabiz",
  "date": "2024년 8월 21일"
},
{
  "_id": {
    "$oid": "67076d2008d4f2f91bbf486f"
  },
  "NewsTitle": "'완벽한' 고용 보고서, 기술 및 에너지 부문 반등 촉발할 수 있다고 BofA 예측",
  "Link": "https://kr.investing.com/news/stock-market-news/article-432SI-1192047",
  "provider": "Investing.com",
  "date": "2024년 9월 06일"
},
{
  "_id": {
    "$oid": "67076d2008d4f2f91bbf4872"
  },
  "NewsTitle": "유가와 금 가격 사이 상관관계 깨져",
  "Link": "https://kr.investing.com/news/commodities-news/article-1179355",
  "provider": "Investing.com",
  "date": "2024년 8월 26일"
},
{
  "_id": {
    "$oid": "67076d2008d4f2f91bbf4871"
  },
  "NewsTitle": "8월 아시아 주식 상승, 금리 인하 기대로 달러 하락",
  "Link": "https://kr.investing.com/news/economy-news/article-93CH-1184919",
  "provider": "Investing.com",
  "date": "2024년 8월 30일"
},
{
  "_id": {
    "$oid": "67076d2008d4f2f91bbf4873"
  },
  "NewsTitle": "아시아 주식, 파월 연설 앞두고 흔들림, 엔화 상승",
  "Link": "https://kr.investing.com/news/economy-news/article-93CH-1177683",
  "provider": "Investing.com",
  "date": "2024년 8월 23일"
},
{
  "_id": {
    "$oid": "67076d2008d4f2f91bbf4874"
  },
  "NewsTitle": "2025년 금 가격 상승의 핵심 동인은? – 씨티",
  "Link": "https://kr.investing.com/news/commodities-news/article-1176602",
  "provider": "Investing.com",
  "date": "2024년 8월 22일"
},
{
  "_id": {
    "$oid": "67076d2008d4f2f91bbf4875"
  },
  "NewsTitle": "금 포지셔닝, 사상 최고치 수준에도 확대된 것으로 보이지 않아 - UBS",
  "Link": "https://kr.investing.com/news/commodities-news/article-1176334",
  "provider": "Investing.com",
  "date": "2024년 8월 22일"
}]