[{
  "_id": {
    "$oid": "67073e1eb69e7f73408d8807"
  },
  "prdyVrss": "-700",
  "prdyVrssSign": "5",
  "prdyCtrt": "-1.16",
  "stckPrdyClpr": "60300",
  "acmlVol": "21403141",
  "acmlTrPbmn": "1275173302900",
  "htsKorIsnm": "삼성전자",
  "stckPrpr": "59600",
  "stckShrnIscd": "005930",
  "prdyVol": "27411786",
  "stckMxpr": "78300",
  "stckLlam": "42300",
  "stckOprc": "60100",
  "stckHgpr": "60200",
  "stckLwpr": "58900",
  "stckPrdyOprc": "60000",
  "stckPrdyHgpr": "61000",
  "stckPrdyLwpr": "59900",
  "askp": "59600",
  "bidp": "59500",
  "prdyVrssVol": "-6008645",
  "volTnrt": "0.36",
  "stckFcam": "100",
  "lstnStcn": "5969782550",
  "cpfn": "7780",
  "htsAvls": "3557990",
  "per": "27.97",
  "eps": "2131.00",
  "pbr": "1.15",
  "_class": "com.ssafy.securities.stock.entity.StockDetail"
},
{
  "_id": {
    "$oid": "67073e20b69e7f73408d886c"
  },
  "prdyVrss": "-2200",
  "prdyVrssSign": "5",
  "prdyCtrt": "-2.38",
  "stckPrdyClpr": "92300",
  "acmlVol": "607468",
  "acmlTrPbmn": "55108477500",
  "htsKorIsnm": "에코프로",
  "stckPrpr": "90100",
  "stckShrnIscd": "086520",
  "prdyVol": "963127",
  "stckMxpr": "119900",
  "stckLlam": "64700",
  "stckOprc": "92500",
  "stckHgpr": "92800",
  "stckLwpr": "89600",
  "stckPrdyOprc": "90900",
  "stckPrdyHgpr": "93600",
  "stckPrdyLwpr": "90100",
  "askp": "90100",
  "bidp": "90000",
  "prdyVrssVol": "-355659",
  "volTnrt": "0.46",
  "stckFcam": "100",
  "lstnStcn": "133138340",
  "cpfn": "133",
  "htsAvls": "119958",
  "per": "235.25",
  "eps": "383.00",
  "pbr": "7.07",
  "_class": "com.ssafy.securities.stock.entity.StockDetail"
},
{
  "_id": {
    "$oid": "67073e21b69e7f73408d88d1"
  },
  "prdyVrss": "9400",
  "prdyVrssSign": "2",
  "prdyCtrt": "5.28",
  "stckPrdyClpr": "178000",
  "acmlVol": "3224759",
  "acmlTrPbmn": "598439661400",
  "htsKorIsnm": "SK하이닉스",
  "stckPrpr": "187400",
  "stckShrnIscd": "000660",
  "prdyVol": "3988028",
  "stckMxpr": "231000",
  "stckLlam": "124600",
  "stckOprc": "184500",
  "stckHgpr": "187900",
  "stckLwpr": "183400",
  "stckPrdyOprc": "182200",
  "stckPrdyHgpr": "185000",
  "stckPrdyLwpr": "178000",
  "askp": "187500",
  "bidp": "187400",
  "prdyVrssVol": "-763269",
  "volTnrt": "0.44",
  "stckFcam": "5000",
  "lstnStcn": "728002365",
  "cpfn": "36577",
  "htsAvls": "1364276",
  "per": "-14.97",
  "eps": "-12517.00",
  "pbr": "2.45",
  "_class": "com.ssafy.securities.stock.entity.StockDetail"
},
{
  "_id": {
    "$oid": "67073e22b69e7f73408d8936"
  },
  "prdyVrss": "5700",
  "prdyVrssSign": "2",
  "prdyCtrt": "3.43",
  "stckPrdyClpr": "166200",
  "acmlVol": "645388",
  "acmlTrPbmn": "110146606100",
  "htsKorIsnm": "NAVER",
  "stckPrpr": "171900",
  "stckShrnIscd": "035420",
  "prdyVol": "893907",
  "stckMxpr": "216000",
  "stckLlam": "116400",
  "stckOprc": "167900",
  "stckHgpr": "172500",
  "stckLwpr": "167800",
  "stckPrdyOprc": "166500",
  "stckPrdyHgpr": "167400",
  "stckPrdyLwpr": "165100",
  "askp": "171900",
  "bidp": "171800",
  "prdyVrssVol": "-248519",
  "volTnrt": "0.40",
  "stckFcam": "100",
  "lstnStcn": "160784508",
  "cpfn": "165",
  "htsAvls": "276389",
  "per": "27.82",
  "eps": "6180.00",
  "pbr": "1.16",
  "_class": "com.ssafy.securities.stock.entity.StockDetail"
},
{
  "_id": {
    "$oid": "67073e23b69e7f73408d899b"
  },
  "prdyVrss": "-12500",
  "prdyVrssSign": "5",
  "prdyCtrt": "-2.86",
  "stckPrdyClpr": "436500",
  "acmlVol": "310298",
  "acmlTrPbmn": "132202235500",
  "htsKorIsnm": "LG에너지솔루션",
  "stckPrpr": "424000",
  "stckShrnIscd": "373220",
  "prdyVol": "803706",
  "stckMxpr": "567000",
  "stckLlam": "306000",
  "stckOprc": "432000",
  "stckHgpr": "433000",
  "stckLwpr": "421500",
  "stckPrdyOprc": "416500",
  "stckPrdyHgpr": "444000",
  "stckPrdyLwpr": "412000",
  "askp": "424500",
  "bidp": "424000",
  "prdyVrssVol": "-493408",
  "volTnrt": "0.13",
  "stckFcam": "500",
  "lstnStcn": "234000000",
  "cpfn": "1170",
  "htsAvls": "992160",
  "per": "80.20",
  "eps": "5287.00",
  "pbr": "4.91",
  "_class": "com.ssafy.securities.stock.entity.StockDetail"
},
{
  "_id": {
    "$oid": "67073e24b69e7f73408d8a00"
  },
  "prdyVrss": "1800",
  "prdyVrssSign": "2",
  "prdyCtrt": "1.01",
  "stckPrdyClpr": "178800",
  "acmlVol": "74595",
  "acmlTrPbmn": "13436031700",
  "htsKorIsnm": "하이브",
  "stckPrpr": "180600",
  "stckShrnIscd": "352820",
  "prdyVol": "207172",
  "stckMxpr": "232000",
  "stckLlam": "125200",
  "stckOprc": "179900",
  "stckHgpr": "182000",
  "stckLwpr": "178000",
  "stckPrdyOprc": "172200",
  "stckPrdyHgpr": "179600",
  "stckPrdyLwpr": "172100",
  "askp": "180700",
  "bidp": "180600",
  "prdyVrssVol": "-132577",
  "volTnrt": "0.18",
  "stckFcam": "500",
  "lstnStcn": "41652097",
  "cpfn": "208",
  "htsAvls": "75224",
  "per": "40.10",
  "eps": "4504.00",
  "pbr": "2.58",
  "_class": "com.ssafy.securities.stock.entity.StockDetail"
},
{
  "_id": {
    "$oid": "67073e25b69e7f73408d8a65"
  },
  "prdyVrss": "550",
  "prdyVrssSign": "2",
  "prdyCtrt": "1.49",
  "stckPrdyClpr": "37000",
  "acmlVol": "661329",
  "acmlTrPbmn": "24642215650",
  "htsKorIsnm": "카카오",
  "stckPrpr": "37550",
  "stckShrnIscd": "035720",
  "prdyVol": "1017162",
  "stckMxpr": "48100",
  "stckLlam": "25900",
  "stckOprc": "37100",
  "stckHgpr": "37550",
  "stckLwpr": "36900",
  "stckPrdyOprc": "36550",
  "stckPrdyHgpr": "37100",
  "stckPrdyLwpr": "36350",
  "askp": "37550",
  "bidp": "37500",
  "prdyVrssVol": "-355833",
  "volTnrt": "0.15",
  "stckFcam": "100",
  "lstnStcn": "443527389",
  "cpfn": "444",
  "htsAvls": "166545",
  "per": "-16.50",
  "eps": "-2276.00",
  "pbr": "1.71",
  "_class": "com.ssafy.securities.stock.entity.StockDetail"
},
{
  "_id": {
    "$oid": "67073e26b69e7f73408d8aca"
  },
  "prdyVrss": "2500",
  "prdyVrssSign": "2",
  "prdyCtrt": "1.02",
  "stckPrdyClpr": "246000",
  "acmlVol": "324940",
  "acmlTrPbmn": "81755499000",
  "htsKorIsnm": "현대차",
  "stckPrpr": "248500",
  "stckShrnIscd": "005380",
  "prdyVol": "413552",
  "stckMxpr": "319500",
  "stckLlam": "172500",
  "stckOprc": "253000",
  "stckHgpr": "255500",
  "stckLwpr": "248000",
  "stckPrdyOprc": "244500",
  "stckPrdyHgpr": "247000",
  "stckPrdyLwpr": "244000",
  "askp": "249000",
  "bidp": "248500",
  "prdyVrssVol": "-88612",
  "volTnrt": "0.16",
  "stckFcam": "5000",
  "lstnStcn": "209416191",
  "cpfn": "11580",
  "htsAvls": "520399",
  "per": "5.70",
  "eps": "43589.00",
  "pbr": "0.73",
  "_class": "com.ssafy.securities.stock.entity.StockDetail"
},
{
  "_id": {
    "$oid": "67073e27b69e7f73408d8b2f"
  },
  "prdyVrss": "800",
  "prdyVrssSign": "2",
  "prdyCtrt": "0.73",
  "stckPrdyClpr": "109800",
  "acmlVol": "41656",
  "acmlTrPbmn": "4607029100",
  "htsKorIsnm": "CJ",
  "stckPrpr": "110600",
  "stckShrnIscd": "001040",
  "prdyVol": "172133",
  "stckMxpr": "142700",
  "stckLlam": "76900",
  "stckOprc": "111400",
  "stckHgpr": "112000",
  "stckLwpr": "109100",
  "stckPrdyOprc": "114600",
  "stckPrdyHgpr": "114800",
  "stckPrdyLwpr": "109800",
  "askp": "110800",
  "bidp": "110700",
  "prdyVrssVol": "-130477",
  "volTnrt": "0.14",
  "stckFcam": "5000",
  "lstnStcn": "29176998",
  "cpfn": "1466",
  "htsAvls": "32270",
  "per": "20.25",
  "eps": "5462.00",
  "pbr": "0.70",
  "_class": "com.ssafy.securities.stock.entity.StockDetail"
},
{
  "_id": {
    "$oid": "67073e28b69e7f73408d8b94"
  },
  "prdyVrss": "-500",
  "prdyVrssSign": "5",
  "prdyCtrt": "-0.56",
  "stckPrdyClpr": "89400",
  "acmlVol": "712697",
  "acmlTrPbmn": "63405414600",
  "htsKorIsnm": "KB금융",
  "stckPrpr": "88900",
  "stckShrnIscd": "105560",
  "prdyVol": "1795315",
  "stckMxpr": "116200",
  "stckLlam": "62600",
  "stckOprc": "89000",
  "stckHgpr": "89900",
  "stckLwpr": "87900",
  "stckPrdyOprc": "86500",
  "stckPrdyHgpr": "89400",
  "stckPrdyLwpr": "85900",
  "askp": "89000",
  "bidp": "88900",
  "prdyVrssVol": "-1082618",
  "volTnrt": "0.18",
  "stckFcam": "5000",
  "lstnStcn": "393528423",
  "cpfn": "20906",
  "htsAvls": "349847",
  "per": "7.77",
  "eps": "11440.00",
  "pbr": "0.62",
  "_class": "com.ssafy.securities.stock.entity.StockDetail"
},
{
  "_id": {
    "$oid": "67073e29b69e7f73408d8bf9"
  },
  "prdyVrss": "9000",
  "prdyVrssSign": "2",
  "prdyCtrt": "2.75",
  "stckPrdyClpr": "327500",
  "acmlVol": "62446",
  "acmlTrPbmn": "21035483000",
  "htsKorIsnm": "삼성화재",
  "stckPrpr": "336500",
  "stckShrnIscd": "000810",
  "prdyVol": "106499",
  "stckMxpr": "425500",
  "stckLlam": "229500",
  "stckOprc": "335000",
  "stckHgpr": "341000",
  "stckLwpr": "332000",
  "stckPrdyOprc": "331500",
  "stckPrdyHgpr": "332500",
  "stckPrdyLwpr": "324500",
  "askp": "337000",
  "bidp": "336500",
  "prdyVrssVol": "-44053",
  "volTnrt": "0.13",
  "stckFcam": "500",
  "lstnStcn": "47374837",
  "cpfn": "248",
  "htsAvls": "159416",
  "per": "9.36",
  "eps": "35961.00",
  "pbr": "0.97",
  "_class": "com.ssafy.securities.stock.entity.StockDetail"
},
{
  "_id": {
    "$oid": "67073e2ab69e7f73408d8c5e"
  },
  "prdyVrss": "0",
  "prdyVrssSign": "3",
  "prdyCtrt": "0.00",
  "stckPrdyClpr": "776000",
  "acmlVol": "54840",
  "acmlTrPbmn": "42233892000",
  "htsKorIsnm": "고려아연",
  "stckPrpr": "776000",
  "stckShrnIscd": "010130",
  "prdyVol": "116604",
  "stckMxpr": "1008000",
  "stckLlam": "544000",
  "stckOprc": "761000",
  "stckHgpr": "776000",
  "stckLwpr": "761000",
  "stckPrdyOprc": "778000",
  "stckPrdyHgpr": "778000",
  "stckPrdyLwpr": "752000",
  "askp": "775000",
  "bidp": "774000",
  "prdyVrssVol": "-61764",
  "volTnrt": "0.26",
  "stckFcam": "5000",
  "lstnStcn": "20703283",
  "cpfn": "1045",
  "htsAvls": "160657",
  "per": "29.70",
  "eps": "26130.00",
  "pbr": "1.72",
  "_class": "com.ssafy.securities.stock.entity.StockDetail"
},
{
  "_id": {
    "$oid": "67073e2cb69e7f73408d8cc3"
  },
  "prdyVrss": "1700",
  "prdyVrssSign": "2",
  "prdyCtrt": "1.15",
  "stckPrdyClpr": "148300",
  "acmlVol": "4443717",
  "acmlTrPbmn": "682796885000",
  "htsKorIsnm": "유한양행",
  "stckPrpr": "150000",
  "stckShrnIscd": "000100",
  "prdyVol": "1953674",
  "stckMxpr": "192700",
  "stckLlam": "103900",
  "stckOprc": "150300",
  "stckHgpr": "158400",
  "stckLwpr": "146900",
  "stckPrdyOprc": "147200",
  "stckPrdyHgpr": "150000",
  "stckPrdyLwpr": "145900",
  "askp": "150100",
  "bidp": "150000",
  "prdyVrssVol": "2490043",
  "volTnrt": "5.54",
  "stckFcam": "1000",
  "lstnStcn": "80209064",
  "cpfn": "802",
  "htsAvls": "120314",
  "per": "89.71",
  "eps": "1672.00",
  "pbr": "5.38",
  "_class": "com.ssafy.securities.stock.entity.StockDetail"
},
{
  "_id": {
    "$oid": "67073e2db69e7f73408d8d28"
  },
  "prdyVrss": "4600",
  "prdyVrssSign": "2",
  "prdyCtrt": "2.41",
  "stckPrdyClpr": "191200",
  "acmlVol": "380240",
  "acmlTrPbmn": "74182287800",
  "htsKorIsnm": "셀트리온",
  "stckPrpr": "195800",
  "stckShrnIscd": "068270",
  "prdyVol": "487908",
  "stckMxpr": "248500",
  "stckLlam": "133900",
  "stckOprc": "192500",
  "stckHgpr": "196500",
  "stckLwpr": "192400",
  "stckPrdyOprc": "192300",
  "stckPrdyHgpr": "193400",
  "stckPrdyLwpr": "191200",
  "askp": "195900",
  "bidp": "195800",
  "prdyVrssVol": "-107668",
  "volTnrt": "0.18",
  "stckFcam": "1000",
  "lstnStcn": "217021190",
  "cpfn": "2205",
  "htsAvls": "424927",
  "per": "53.81",
  "eps": "3639.00",
  "pbr": "2.25",
  "_class": "com.ssafy.securities.stock.entity.StockDetail"
},
{
  "_id": {
    "$oid": "67073e2eb69e7f73408d8d8d"
  },
  "prdyVrss": "1500",
  "prdyVrssSign": "2",
  "prdyCtrt": "0.40",
  "stckPrdyClpr": "371000",
  "acmlVol": "128444",
  "acmlTrPbmn": "47807130500",
  "htsKorIsnm": "삼성SDI",
  "stckPrpr": "372500",
  "stckShrnIscd": "006400",
  "prdyVol": "298267",
  "stckMxpr": "482000",
  "stckLlam": "260000",
  "stckOprc": "374000",
  "stckHgpr": "375000",
  "stckLwpr": "369000",
  "stckPrdyOprc": "364000",
  "stckPrdyHgpr": "375000",
  "stckPrdyLwpr": "361000",
  "askp": "373000",
  "bidp": "372500",
  "prdyVrssVol": "-169823",
  "volTnrt": "0.19",
  "stckFcam": "5000",
  "lstnStcn": "68764530",
  "cpfn": "3485",
  "htsAvls": "256148",
  "per": "13.05",
  "eps": "28547.00",
  "pbr": "1.39",
  "_class": "com.ssafy.securities.stock.entity.StockDetail"
},
{
  "_id": {
    "$oid": "67073e2fb69e7f73408d8df2"
  },
  "prdyVrss": "-1000",
  "prdyVrssSign": "5",
  "prdyCtrt": "-0.28",
  "stckPrdyClpr": "361000",
  "acmlVol": "155870",
  "acmlTrPbmn": "56395962500",
  "htsKorIsnm": "LG화학",
  "stckPrpr": "360000",
  "stckShrnIscd": "051910",
  "prdyVol": "341075",
  "stckMxpr": "469000",
  "stckLlam": "253000",
  "stckOprc": "364500",
  "stckHgpr": "365000",
  "stckLwpr": "358500",
  "stckPrdyOprc": "358000",
  "stckPrdyHgpr": "368000",
  "stckPrdyLwpr": "354500",
  "askp": "360000",
  "bidp": "359500",
  "prdyVrssVol": "-185205",
  "volTnrt": "0.22",
  "stckFcam": "5000",
  "lstnStcn": "70592343",
  "cpfn": "3530",
  "htsAvls": "254132",
  "per": "21.06",
  "eps": "17090.00",
  "pbr": "0.88",
  "_class": "com.ssafy.securities.stock.entity.StockDetail"
},
{
  "_id": {
    "$oid": "67073e30b69e7f73408d8e6a"
  },
  "prdyVrss": "44000",
  "prdyVrssSign": "2",
  "prdyCtrt": "13.08",
  "stckPrdyClpr": "336500",
  "acmlVol": "42883",
  "acmlTrPbmn": "15829418500",
  "htsKorIsnm": "영풍",
  "stckPrpr": "380500",
  "stckShrnIscd": "000670",
  "prdyVol": "18092",
  "stckMxpr": "437000",
  "stckLlam": "236000",
  "stckOprc": "337500",
  "stckHgpr": "389500",
  "stckLwpr": "337500",
  "stckPrdyOprc": "346000",
  "stckPrdyHgpr": "346000",
  "stckPrdyLwpr": "335500",
  "askp": "380500",
  "bidp": "380000",
  "prdyVrssVol": "24791",
  "volTnrt": "2.33",
  "stckFcam": "5000",
  "lstnStcn": "1842040",
  "cpfn": "92",
  "htsAvls": "7009",
  "per": "-11.52",
  "eps": "-33041.00",
  "pbr": "0.18",
  "_class": "com.ssafy.securities.stock.entity.StockDetail"
},
{
  "_id": {
    "$oid": "67073e31b69e7f73408d8ecf"
  },
  "prdyVrss": "-5600",
  "prdyVrssSign": "5",
  "prdyCtrt": "-2.90",
  "stckPrdyClpr": "193000",
  "acmlVol": "459460",
  "acmlTrPbmn": "86736964600",
  "htsKorIsnm": "에코프로비엠",
  "stckPrpr": "187400",
  "stckShrnIscd": "247540",
  "prdyVol": "482782",
  "stckMxpr": "250500",
  "stckLlam": "135100",
  "stckOprc": "194400",
  "stckHgpr": "194500",
  "stckLwpr": "186000",
  "stckPrdyOprc": "190700",
  "stckPrdyHgpr": "193700",
  "stckPrdyLwpr": "188400",
  "askp": "187400",
  "bidp": "187300",
  "prdyVrssVol": "-23322",
  "volTnrt": "0.47",
  "stckFcam": "500",
  "lstnStcn": "97801344",
  "cpfn": "489",
  "htsAvls": "183280",
  "per": "-2105.62",
  "eps": "-89.00",
  "pbr": "13.22",
  "_class": "com.ssafy.securities.stock.entity.StockDetail"
},
{
  "_id": {
    "$oid": "67073e32b69e7f73408d8f34"
  },
  "prdyVrss": "3000",
  "prdyVrssSign": "2",
  "prdyCtrt": "2.53",
  "stckPrdyClpr": "118400",
  "acmlVol": "223285",
  "acmlTrPbmn": "26736268900",
  "htsKorIsnm": "SK이노베이션",
  "stckPrpr": "121400",
  "stckShrnIscd": "096770",
  "prdyVol": "212206",
  "stckMxpr": "153900",
  "stckLlam": "82900",
  "stckOprc": "119300",
  "stckHgpr": "122400",
  "stckLwpr": "116000",
  "stckPrdyOprc": "117200",
  "stckPrdyHgpr": "119400",
  "stckPrdyLwpr": "117000",
  "askp": "121400",
  "bidp": "121300",
  "prdyVrssVol": "11079",
  "volTnrt": "0.23",
  "stckFcam": "5000",
  "lstnStcn": "95735590",
  "cpfn": "5033",
  "htsAvls": "116223",
  "per": "45.88",
  "eps": "2646.00",
  "pbr": "0.54",
  "_class": "com.ssafy.securities.stock.entity.StockDetail"
},
{
  "_id": {
    "$oid": "67073e33b69e7f73408d8f99"
  },
  "prdyVrss": "-500",
  "prdyVrssSign": "5",
  "prdyCtrt": "-0.14",
  "stckPrdyClpr": "369000",
  "acmlVol": "236726",
  "acmlTrPbmn": "88010735000",
  "htsKorIsnm": "알테오젠",
  "stckPrpr": "368500",
  "stckShrnIscd": "196170",
  "prdyVol": "415456",
  "stckMxpr": "479500",
  "stckLlam": "258500",
  "stckOprc": "366500",
  "stckHgpr": "380500",
  "stckLwpr": "363500",
  "stckPrdyOprc": "353000",
  "stckPrdyHgpr": "371000",
  "stckPrdyLwpr": "352000",
  "askp": "368500",
  "bidp": "368000",
  "prdyVrssVol": "-178730",
  "volTnrt": "0.45",
  "stckFcam": "500",
  "lstnStcn": "53148528",
  "cpfn": "266",
  "htsAvls": "195852",
  "per": "-5757.81",
  "eps": "-64.00",
  "pbr": "130.72",
  "_class": "com.ssafy.securities.stock.entity.StockDetail"
}]