[{
  "_id": {
    "$oid": "67076d1c36c902812cbc7516"
  },
  "Link": "https://kr.investing.com/news/cryptocurrency-news/article-1225826",
  "Date": "2024-10-10 05:41:41",
  "NewsCompany": "Coinness",
  "NewsTitle": "독일 패밀리오피스 레너츠, $1.65억 규모 암호화폐 펀드 조성 추진"
},
{
  "_id": {
    "$oid": "67076d1c36c902812cbc7522"
  },
  "Link": "https://kr.investing.com/news/cryptocurrency-news/article-1225825",
  "Date": "2024-10-10 05:41:39",
  "NewsCompany": "Coinness",
  "NewsTitle": "마켓메이커 4곳, 지난 24시간 $1억 스테이블코인 거래소 입금"
},
{
  "_id": {
    "$oid": "67076d1c36c902812cbc752d"
  },
  "Link": "https://kr.investing.com/news/cryptocurrency-news/article-1225823",
  "Date": "2024-10-10 05:40:43",
  "NewsCompany": "Decenter",
  "NewsTitle": "차 대표 퇴장 앞둔 코인원…전문경영인 체제 전환 삐걱"
},
{
  "_id": {
    "$oid": "67076d1c36c902812cbc7538"
  },
  "Link": "https://kr.investing.com/news/cryptocurrency-news/article-1225822",
  "Date": "2024-10-10 05:40:41",
  "NewsCompany": "Decenter",
  "NewsTitle": "금융위, 가상자산 ETF·법인계좌 허용 검토"
},
{
  "_id": {
    "$oid": "67076d1c36c902812cbc7544"
  },
  "Link": "https://kr.investing.com/news/cryptocurrency-news/article-1225820",
  "Date": "2024-10-10 05:11:59",
  "NewsCompany": "Coinness",
  "NewsTitle": "24시간 암호화폐 무기한 선물 강제청산 규모"
},
{
  "_id": {
    "$oid": "67076d1c36c902812cbc754f"
  },
  "Link": "https://kr.investing.com/news/cryptocurrency-news/article-1225819",
  "Date": "2024-10-10 05:11:58",
  "NewsCompany": "Coinness",
  "NewsTitle": "퍼퍼 파이낸스 \"토큰 공급량 13% 에어드롭 할당\""
},
{
  "_id": {
    "$oid": "67076d1c36c902812cbc755a"
  },
  "Link": "https://kr.investing.com/news/cryptocurrency-news/article-1225818",
  "Date": "2024-10-10 05:11:56",
  "NewsCompany": "Coinness",
  "NewsTitle": "분석 \"플러스토큰 $13억 ETH 전량 매도 가능성...공급 충격\""
},
{
  "_id": {
    "$oid": "67076d1c36c902812cbc7565"
  },
  "Link": "https://kr.investing.com/news/cryptocurrency-news/article-1225817",
  "Date": "2024-10-10 05:11:54",
  "NewsCompany": "Coinness",
  "NewsTitle": "분석 \"BTC, 현재까지 과거 강세장과 비슷한 패턴\""
},
{
  "_id": {
    "$oid": "67076d1c36c902812cbc7570"
  },
  "Link": "https://kr.investing.com/news/cryptocurrency-news/article-1225807",
  "Date": "2024-10-10 04:41:39",
  "NewsCompany": "Coinness",
  "NewsTitle": "국제증권위 \"2020년 후 개인 투자자 암호화폐 보유 급증\""
},
{
  "_id": {
    "$oid": "67076d1c36c902812cbc757b"
  },
  "Link": "https://kr.investing.com/news/cryptocurrency-news/article-1225796",
  "Date": "2024-10-10 04:10:39",
  "NewsCompany": "Decenter",
  "NewsTitle": "[점심브리핑] \"비트코인 현물 ETF 옵션, 내년 1분기 출시 전망\""
},
{
  "_id": {
    "$oid": "67076d1c36c902812cbc7586"
  },
  "Link": "https://kr.investing.com/news/cryptocurrency-news/article-1225794",
  "Date": "2024-10-10 03:41:43",
  "NewsCompany": "Coinness",
  "NewsTitle": "HTX, 오늘 CARV 상장"
},
{
  "_id": {
    "$oid": "67076d1c36c902812cbc7591"
  },
  "Link": "https://kr.investing.com/news/cryptocurrency-news/article-1225793",
  "Date": "2024-10-10 03:41:41",
  "NewsCompany": "Coinness",
  "NewsTitle": "태국 SEC, 기관투자자 디지털자산 투자 허용 검토"
},
{
  "_id": {
    "$oid": "67076d1c36c902812cbc759c"
  },
  "Link": "https://kr.investing.com/news/cryptocurrency-news/article-1225792",
  "Date": "2024-10-10 03:41:40",
  "NewsCompany": "Coinness",
  "NewsTitle": "WBTC 다중 관할 방식 전환 완료"
},
{
  "_id": {
    "$oid": "67076d1c36c902812cbc75a7"
  },
  "Link": "https://kr.investing.com/news/cryptocurrency-news/article-1225787",
  "Date": "2024-10-10 03:11:45",
  "NewsCompany": "Coinness",
  "NewsTitle": "카브, 에어드롭 클레임 페이지 오픈"
},
{
  "_id": {
    "$oid": "67076d1c36c902812cbc75b8"
  },
  "Link": "https://kr.investing.com/news/cryptocurrency-news/article-1225786",
  "Date": "2024-10-10 03:11:43",
  "NewsCompany": "Coinness",
  "NewsTitle": "블록타워캐피털, $248만 MKR 매도"
},
{
  "_id": {
    "$oid": "67076d1c36c902812cbc75c5"
  },
  "Link": "https://kr.investing.com/news/cryptocurrency-news/article-1225785",
  "Date": "2024-10-10 03:11:42",
  "NewsCompany": "Coinness",
  "NewsTitle": "스웰네트워크, SWELL 에어드롭에 8.5% 할당"
},
{
  "_id": {
    "$oid": "67076d1c36c902812cbc75d0"
  },
  "Link": "https://kr.investing.com/news/cryptocurrency-news/article-1225778",
  "Date": "2024-10-10 02:41:38",
  "NewsCompany": "Coinness",
  "NewsTitle": "분석 \"암호화폐 시장, 美 금리 인하·中 경기부양 효과 과대해석\""
},
{
  "_id": {
    "$oid": "67076d1c36c902812cbc75db"
  },
  "Link": "https://kr.investing.com/news/cryptocurrency-news/article-1225777",
  "Date": "2024-10-10 02:41:37",
  "NewsCompany": "Coinness",
  "NewsTitle": "저스틴 선 추정 주소로 $6,070만 BTC 입금"
},
{
  "_id": {
    "$oid": "67076d1c36c902812cbc75e6"
  },
  "Link": "https://kr.investing.com/news/cryptocurrency-news/article-1225773",
  "Date": "2024-10-10 02:11:47",
  "NewsCompany": "Coinness",
  "NewsTitle": "HKDAX, 홍콩 라이선스 신청 철회"
},
{
  "_id": {
    "$oid": "67076d1c36c902812cbc75f1"
  },
  "Link": "https://kr.investing.com/news/cryptocurrency-news/article-1225772",
  "Date": "2024-10-10 02:11:46",
  "NewsCompany": "Coinness",
  "NewsTitle": "스파크, 아베 라이도 마켓에 500만 USDS 투입"
},
{
  "_id": {
    "$oid": "67076d1c36c902812cbc75fc"
  },
  "Link": "https://kr.investing.com/news/cryptocurrency-news/article-1225771",
  "Date": "2024-10-10 02:11:44",
  "NewsCompany": "Coinness",
  "NewsTitle": "금융위원장 \"가상자산 시장 업비트 독점, 살펴보겠다\""
},
{
  "_id": {
    "$oid": "67076d1c36c902812cbc7607"
  },
  "Link": "https://kr.investing.com/news/cryptocurrency-news/article-1225770",
  "Date": "2024-10-10 02:11:43",
  "NewsCompany": "Coinness",
  "NewsTitle": "금융위 “가상자산위원회서 현물 ETF·법인계좌 허용 논의”"
},
{
  "_id": {
    "$oid": "67076d1c36c902812cbc7612"
  },
  "Link": "https://kr.investing.com/news/cryptocurrency-news/article-1225767",
  "Date": "2024-10-10 02:10:45",
  "NewsCompany": "Decenter",
  "NewsTitle": "비트코인 2만 3000개 몰렸다…바빌론 스테이킹 수요 폭발"
},
{
  "_id": {
    "$oid": "67076d1c36c902812cbc761d"
  },
  "Link": "https://kr.investing.com/news/cryptocurrency-news/article-1225765",
  "Date": "2024-10-10 01:41:52",
  "NewsCompany": "Coinness",
  "NewsTitle": "테시스 설립자, WBTC 탈중앙화 로드맵 거버넌스 제안"
},
{
  "_id": {
    "$oid": "67076d1d36c902812cbc7628"
  },
  "Link": "https://kr.investing.com/news/cryptocurrency-news/article-1225756",
  "Date": "2024-10-10 01:11:48",
  "NewsCompany": "Coinness",
  "NewsTitle": "크립토퀀트 CEO \"미국 암호화폐 규제는 시간 문제\""
},
{
  "_id": {
    "$oid": "67076d1d36c902812cbc7633"
  },
  "Link": "https://kr.investing.com/news/cryptocurrency-news/article-1225755",
  "Date": "2024-10-10 01:11:47",
  "NewsCompany": "Coinness",
  "NewsTitle": "BTC 채굴업체 컴패스마이닝, 韓 시장 진출"
},
{
  "_id": {
    "$oid": "67076d1d36c902812cbc763e"
  },
  "Link": "https://kr.investing.com/news/cryptocurrency-news/article-1225754",
  "Date": "2024-10-10 01:11:45",
  "NewsCompany": "Coinness",
  "NewsTitle": "美 하원의원 \"SEC 암호화폐 통제권 제한해야\""
},
{
  "_id": {
    "$oid": "67076d1d36c902812cbc7649"
  },
  "Link": "https://kr.investing.com/news/cryptocurrency-news/article-1225753",
  "Date": "2024-10-10 01:11:44",
  "NewsCompany": "Coinness",
  "NewsTitle": "크로미아, 탈중앙화 스토리지 솔루션 파일허브 출시"
},
{
  "_id": {
    "$oid": "67076d1d36c902812cbc7655"
  },
  "Link": "https://kr.investing.com/news/cryptocurrency-news/article-1225752",
  "Date": "2024-10-10 01:11:42",
  "NewsCompany": "Coinness",
  "NewsTitle": "익명 고래, 6시간 전 $4,378만 BTC 비트파이넥스 입금"
},
{
  "_id": {
    "$oid": "67076d1d36c902812cbc7660"
  },
  "Link": "https://kr.investing.com/news/cryptocurrency-news/article-1225747",
  "Date": "2024-10-10 01:10:41",
  "NewsCompany": "Decenter",
  "NewsTitle": "닥사, 군 장병·취약 계층 대상 맞춤형 투자 교육 강화"
},
{
  "_id": {
    "$oid": "67076d1d36c902812cbc766b"
  },
  "Link": "https://kr.investing.com/news/cryptocurrency-news/article-1225740",
  "Date": "2024-10-10 00:41:34",
  "NewsCompany": "Coinness",
  "NewsTitle": "플러스토큰 관련 주소, $1663만 ETH 거래소 입금"
},
{
  "_id": {
    "$oid": "67076d1d36c902812cbc7677"
  },
  "Link": "https://kr.investing.com/news/cryptocurrency-news/article-1225739",
  "Date": "2024-10-10 00:41:32",
  "NewsCompany": "Coinness",
  "NewsTitle": "BTC 채굴 난이도 전날 4.12% 상향 조정"
},
{
  "_id": {
    "$oid": "67076d1d36c902812cbc7683"
  },
  "Link": "https://kr.investing.com/news/cryptocurrency-news/article-1225729",
  "Date": "2024-10-10 00:11:53",
  "NewsCompany": "Coinness",
  "NewsTitle": "분석 \"ETH, 코인베이스 프리미엄 -1.41까지 하락...수요 둔화 뚜렷\""
},
{
  "_id": {
    "$oid": "67076d1d36c902812cbc768e"
  },
  "Link": "https://kr.investing.com/news/cryptocurrency-news/article-1225728",
  "Date": "2024-10-10 00:11:51",
  "NewsCompany": "Coinness",
  "NewsTitle": "크립토 '공포·탐욕 지수' 39...공포 전환"
},
{
  "_id": {
    "$oid": "67076d1d36c902812cbc7699"
  },
  "Link": "https://kr.investing.com/news/cryptocurrency-news/article-1225727",
  "Date": "2024-10-10 00:11:50",
  "NewsCompany": "Coinness",
  "NewsTitle": "리서치 \"3분기 댑 사용량 2분기 대비 20% 증가\""
},
{
  "_id": {
    "$oid": "67076d1d36c902812cbc76aa"
  },
  "Link": "https://kr.investing.com/news/cryptocurrency-news/article-1225726",
  "Date": "2024-10-10 00:11:48",
  "NewsCompany": "Coinness",
  "NewsTitle": "위즈덤트리, RWA 펀드 WTGXX→비자 체크카드 결제 지원"
},
{
  "_id": {
    "$oid": "67076d1d36c902812cbc76b5"
  },
  "Link": "https://kr.investing.com/news/cryptocurrency-news/article-1225713",
  "Date": "2024-10-09 23:41:47",
  "NewsCompany": "Coinness",
  "NewsTitle": "트럼프 일가 주도 디파이, 이더리움 메인넷서 아베 V3 인스턴스 출시 추진"
},
{
  "_id": {
    "$oid": "67076d1d36c902812cbc76c0"
  },
  "Link": "https://kr.investing.com/news/cryptocurrency-news/article-1225712",
  "Date": "2024-10-09 23:41:46",
  "NewsCompany": "Coinness",
  "NewsTitle": "GT프로토콜 CEO \"AI로 인한 종말 시나리오, 탈중앙화로 방지 가능\""
},
{
  "_id": {
    "$oid": "67076d1d36c902812cbc76cb"
  },
  "Link": "https://kr.investing.com/news/cryptocurrency-news/article-1225702",
  "Date": "2024-10-09 23:11:43",
  "NewsCompany": "Coinness",
  "NewsTitle": "외신 \"HBO 다큐멘터리, 사토시 추정 근거 허점 존재\""
},
{
  "_id": {
    "$oid": "67076d1d36c902812cbc76d6"
  },
  "Link": "https://kr.investing.com/news/cryptocurrency-news/article-1225657",
  "Date": "2024-10-09 21:11:25",
  "NewsCompany": "Coinness",
  "NewsTitle": "미 FBI, 시장 조작 혐의 기업 조사 위해 자체 토큰 출시"
},
{
  "_id": {
    "$oid": "67076d1d36c902812cbc76e1"
  },
  "Link": "https://kr.investing.com/news/cryptocurrency-news/article-1225636",
  "Date": "2024-10-09 20:41:36",
  "NewsCompany": "Coinness",
  "NewsTitle": "미 증시 3대 지수 상승 마감"
},
{
  "_id": {
    "$oid": "67076d1d36c902812cbc76ec"
  },
  "Link": "https://kr.investing.com/news/cryptocurrency-news/article-1225635",
  "Date": "2024-10-09 20:41:35",
  "NewsCompany": "Coinness",
  "NewsTitle": "체이널리시스 \"아르헨티나 내 스테이블코인 사용량 급증... 극심한 인플레이션 영향\""
},
{
  "_id": {
    "$oid": "67076d1d36c902812cbc76f7"
  },
  "Link": "https://kr.investing.com/news/cryptocurrency-news/article-1225566",
  "Date": "2024-10-09 20:11:32",
  "NewsCompany": "Coinness",
  "NewsTitle": "블룸버그 애널리스트 \"BTC ETF 옵션, 내년 1분기 출시 예상... 올해도 가능\""
},
{
  "_id": {
    "$oid": "67076d1d36c902812cbc7702"
  },
  "Link": "https://kr.investing.com/news/cryptocurrency-news/article-1225545",
  "Date": "2024-10-09 19:41:30",
  "NewsCompany": "Coinness",
  "NewsTitle": "미 법무부, 암호화폐 사기 혐의로 다수 개인 및 기업 기소"
},
{
  "_id": {
    "$oid": "67076d1d36c902812cbc770d"
  },
  "Link": "https://kr.investing.com/news/cryptocurrency-news/article-1225544",
  "Date": "2024-10-09 19:41:29",
  "NewsCompany": "Coinness",
  "NewsTitle": "BTC $61,000 반납"
},
{
  "_id": {
    "$oid": "67076d1d36c902812cbc771f"
  },
  "Link": "https://kr.investing.com/news/cryptocurrency-news/article-1225538",
  "Date": "2024-10-09 19:11:33",
  "NewsCompany": "Coinness",
  "NewsTitle": "ECB \"스테이블코인, 미국 통화정책 영향 커... 안전자산 아니다\""
},
{
  "_id": {
    "$oid": "67076d1d36c902812cbc772b"
  },
  "Link": "https://kr.investing.com/news/cryptocurrency-news/article-1225537",
  "Date": "2024-10-09 19:11:31",
  "NewsCompany": "Coinness",
  "NewsTitle": "나이지리아 구금 바이낸스 임원 보석 판결, 판사 부재로 연기"
},
{
  "_id": {
    "$oid": "67076d1d36c902812cbc7737"
  },
  "Link": "https://kr.investing.com/news/cryptocurrency-news/article-1225526",
  "Date": "2024-10-09 18:41:36",
  "NewsCompany": "Coinness",
  "NewsTitle": "美 FOMC 9월 회의록 \"고용시장 약화 반영해 금리 50bp 인하 결정\""
},
{
  "_id": {
    "$oid": "67076d1d36c902812cbc7742"
  },
  "Link": "https://kr.investing.com/news/cryptocurrency-news/article-1225509",
  "Date": "2024-10-09 18:11:29",
  "NewsCompany": "Coinness",
  "NewsTitle": "게리 겐슬러 \"암호화폐, 화폐처럼 통용될 가능성 낮아\""
},
{
  "_id": {
    "$oid": "67076d1d36c902812cbc774d"
  },
  "Link": "https://kr.investing.com/news/cryptocurrency-news/article-1225508",
  "Date": "2024-10-09 18:11:27",
  "NewsCompany": "Coinness",
  "NewsTitle": "a16z 임원 \"FTX 사태 반복 피하기 위해선 스테이블코인 규제 명확성 필요\""
},
{
  "_id": {
    "$oid": "67076d1d36c902812cbc7758"
  },
  "Link": "https://kr.investing.com/news/cryptocurrency-news/article-1225452",
  "Date": "2024-10-09 16:41:29",
  "NewsCompany": "Coinness",
  "NewsTitle": "탈중앙화 오픈소스 AI 플랫폼 오픈그래디언트, $850만 시드 투자 유치"
},
{
  "_id": {
    "$oid": "67076d1d36c902812cbc7763"
  },
  "Link": "https://kr.investing.com/news/cryptocurrency-news/article-1225451",
  "Date": "2024-10-09 16:41:28",
  "NewsCompany": "Coinness",
  "NewsTitle": "애니모카브랜드, PROS 토큰 추가 매수"
},
{
  "_id": {
    "$oid": "67076d1d36c902812cbc776e"
  },
  "Link": "https://kr.investing.com/news/cryptocurrency-news/article-1225420",
  "Date": "2024-10-09 16:11:36",
  "NewsCompany": "Coinness",
  "NewsTitle": "애널리스트 \"BTC, 네트워크 활동 지표 상 매수 타이밍\""
},
{
  "_id": {
    "$oid": "67076d1e36c902812cbc7779"
  },
  "Link": "https://kr.investing.com/news/cryptocurrency-news/article-1225420#comments",
  "Date": "날짜 없음",
  "NewsCompany": "제공사 없음",
  "NewsTitle": "1"
},
{
  "_id": {
    "$oid": "67076d1e36c902812cbc7784"
  },
  "Link": "https://kr.investing.com/news/cryptocurrency-news/article-1225419",
  "Date": "2024-10-09 16:11:34",
  "NewsCompany": "Coinness",
  "NewsTitle": "'개에 물려 긴급수술' FTX 자회사 CEO, 수감 연기 재차 요구"
},
{
  "_id": {
    "$oid": "67076d1e36c902812cbc778f"
  },
  "Link": "https://kr.investing.com/news/cryptocurrency-news/article-1225392",
  "Date": "2024-10-09 15:41:56",
  "NewsCompany": "Coinness",
  "NewsTitle": "크립토퀀트 CEO \"일부 알트코인, 규제 장애물로 가격 상승 제한\""
},
{
  "_id": {
    "$oid": "67076d1e36c902812cbc779b"
  },
  "Link": "https://kr.investing.com/news/cryptocurrency-news/article-1225391",
  "Date": "2024-10-09 15:41:55",
  "NewsCompany": "Coinness",
  "NewsTitle": "스테이트스트리트 \"토큰화된 채권·MMF 개발 중... 자체 스테이블코인 현재 계획 없다\""
},
{
  "_id": {
    "$oid": "67076d1e36c902812cbc77a6"
  },
  "Link": "https://kr.investing.com/news/cryptocurrency-news/article-1225309",
  "Date": "2024-10-09 14:41:44",
  "NewsCompany": "Coinness",
  "NewsTitle": "이더리움 재단, 100 ETH 추가 매도"
},
{
  "_id": {
    "$oid": "67076d1e36c902812cbc77b1"
  },
  "Link": "https://kr.investing.com/news/cryptocurrency-news/article-1225308",
  "Date": "2024-10-09 14:41:43",
  "NewsCompany": "Coinness",
  "NewsTitle": "美 정부, 비트파이넥스 $74억 규모 BTC 해킹 배상 청구 자격 인정 가능성"
},
{
  "_id": {
    "$oid": "67076d1e36c902812cbc77bc"
  },
  "Link": "https://kr.investing.com/news/cryptocurrency-news/article-1225307",
  "Date": "2024-10-09 14:41:41",
  "NewsCompany": "Coinness",
  "NewsTitle": "분석 \"칠리즈, $1.03억 CHZ 출금...페퍼 에어드롭 관련 가능성\""
},
{
  "_id": {
    "$oid": "67076d1e36c902812cbc77c7"
  },
  "Link": "https://kr.investing.com/news/cryptocurrency-news/article-1225261",
  "Date": "2024-10-09 14:11:28",
  "NewsCompany": "Coinness",
  "NewsTitle": "그레이스케일, 익명 주소로 $2638만 BTC 이체"
},
{
  "_id": {
    "$oid": "67076d1e36c902812cbc77d3"
  },
  "Link": "https://kr.investing.com/news/cryptocurrency-news/article-1225260",
  "Date": "2024-10-09 14:11:27",
  "NewsCompany": "Coinness",
  "NewsTitle": "저스틴 선, $3723만 BTC 바이낸스 입금"
},
{
  "_id": {
    "$oid": "67076d1e36c902812cbc77df"
  },
  "Link": "https://kr.investing.com/news/cryptocurrency-news/article-1225259",
  "Date": "2024-10-09 14:11:26",
  "NewsCompany": "Coinness",
  "NewsTitle": "OKX, 내일 HMSTR/USDC 상장"
},
{
  "_id": {
    "$oid": "67076d1e36c902812cbc77ea"
  },
  "Link": "https://kr.investing.com/news/cryptocurrency-news/article-1225209",
  "Date": "2024-10-09 13:41:41",
  "NewsCompany": "Coinness",
  "NewsTitle": "팍소스 인터내셔널, 아비트럼서 스테이블코인 USDL 출시"
},
{
  "_id": {
    "$oid": "67076d1e36c902812cbc77f5"
  },
  "Link": "https://kr.investing.com/news/cryptocurrency-news/article-1225208",
  "Date": "2024-10-09 13:41:40",
  "NewsCompany": "Coinness",
  "NewsTitle": "분석 \"BTC 휴면 주소 활성화, 상승 모멘텀 강화\""
},
{
  "_id": {
    "$oid": "67076d1e36c902812cbc7800"
  },
  "Link": "https://kr.investing.com/news/cryptocurrency-news/article-1225207",
  "Date": "2024-10-09 13:41:39",
  "NewsCompany": "Coinness",
  "NewsTitle": "웹3 게임 스튜디오 드래곤즈 랩, $900만 투자 유치"
},
{
  "_id": {
    "$oid": "67076d1e36c902812cbc780b"
  },
  "Link": "https://kr.investing.com/news/cryptocurrency-news/article-1225206",
  "Date": "2024-10-09 13:41:37",
  "NewsCompany": "Coinness",
  "NewsTitle": "수이 기반 댑 딥북, 10/14 자체 토큰 DEEP 출시"
},
{
  "_id": {
    "$oid": "67076d1e36c902812cbc7817"
  },
  "Link": "https://kr.investing.com/news/cryptocurrency-news/article-1225205",
  "Date": "2024-10-09 13:41:36",
  "NewsCompany": "Coinness",
  "NewsTitle": "미 증시 3대 지수 혼조 출발"
},
{
  "_id": {
    "$oid": "67076d1e36c902812cbc7822"
  },
  "Link": "https://kr.investing.com/news/cryptocurrency-news/article-1225204",
  "Date": "2024-10-09 13:41:35",
  "NewsCompany": "Coinness",
  "NewsTitle": "인도 금융당국, 암호화폐 정책 입장 발표 잠정 연기...우선순위서 밀려"
},
{
  "_id": {
    "$oid": "67076d1e36c902812cbc782e"
  },
  "Link": "https://kr.investing.com/news/cryptocurrency-news/article-1225107",
  "Date": "2024-10-09 13:11:35",
  "NewsCompany": "Coinness",
  "NewsTitle": "반에크, 암호화폐· AI 스타트업 타겟 $3,000만 규모 펀드 출범"
},
{
  "_id": {
    "$oid": "67076d1e36c902812cbc7839"
  },
  "Link": "https://kr.investing.com/news/cryptocurrency-news/article-1225106",
  "Date": "2024-10-09 13:11:34",
  "NewsCompany": "Coinness",
  "NewsTitle": "웹3 게임 세라프, 10/17 PTR 테스트 진행"
}]